ad_am,m
0.8769872323385999, 0.5176880953280918
0.8830318722005405, 0.4909683176784093
1.0000108523350089, 0.502645075786211
0.9940678700601943, 0.5541421960046871
